id,nome
1,Kylie Wolfendell
2,Kristos Houlden
3,Britni Bullent
4,Birgitta Hatcher
5,Phyllys Clemo
6,Jacqueline Reinhardt
7,Janaya Starsmore
8,Thatcher McElroy
9,Renado Driffill
10,Lesley Cray
11,Camella Willoway
12,Walther Tree
13,Rurik Biddulph
14,Jerald Marke
15,Angelita Graser
16,Chancey Warboy
17,Rennie Briant
18,Hannah Houldin
19,Ruy Thridgould
20,Christy Ditty
21,See Brimmicombe
22,Teressa Ison
23,Michaeline Van Giffen
24,Remus Bigmore
25,Jewel Evison
26,Ameline Leebeter
27,Hailey Pringour
28,Pammi Bank
29,Phebe Paget
30,Katine Panks
31,Angie Loudian
32,Gavrielle Gowers
33,Osbourn Dunrige
34,Jackelyn Bertomeu
35,Ammamaria Cleveland
36,Eleni Sidebotton
37,Darrell Mathonnet
38,Murdock Caren
39,Ellen Orry
40,Tansy De Bruijn
41,La verne Hegge
42,Luelle Caves
43,Robby Baglan
44,Nancee Fouracre
45,Letta Trimmill
46,Che Bossons
47,Alfi Pentony
48,Darrin Cessford
49,Marcos Enden
50,Tammy Batterson
51,Rudd Kempton
52,Leila Garmans
53,Phillida Bonick
54,Stearn Dumke
55,Buddy Wainwright
56,Merrielle Rraundl
57,Domenic Krolik
58,Gonzales Naulty
59,Ailee Tarbet
60,Bartel Fitter
61,Lari Jellard
62,Mordy Caveill
63,Elvin Benech
64,Dorian Nendick
65,Cullen Farrance
66,Klarrisa Paulo
67,Constancy Roe
68,Josefa Clac
69,Darleen Shade
70,Jenda Brownstein
71,Kitty Schmidt
72,Bordy Jaggi
73,Venus Fairpo
74,Annette Ardron
75,Joelynn Fydoe
76,Sibilla Rapkins
77,Thaddus Posten
78,Shae Heathfield
79,Anselm Curado
80,Danika Khan
81,Darby Heinreich
82,Fergus Lucien
83,Ailis McCobb
84,Kingsly Blackden
85,Franz Larvent
86,Shell Cannon
87,Jocko Hiner
88,Lucio Minette
89,Chicky Dutt
90,Westbrooke McMeanma
91,Timoteo Vickerman
92,Siegfried Olek
93,Earle Drillot
94,Germain McLeish
95,Shauna Dimanche
96,Lela Lidington
97,Layton Yokel
98,Aleksandr Launder
99,Aleta Ginnaly
100,Georgeanna McKinnon
101,Meredeth Edel
102,Billy Cantillon
103,Derril MacTrustrie
104,Britni Vispo
105,Lindsay Domesday
106,Almeda Domney
107,Jessa Eberst
108,Clive Pulman
109,Sigismund Dorgon
110,Kakalina Caddell
111,Amye Potier
112,Carlye Laroze
113,Alasdair Gogerty
114,Yehudi Gumary
115,Corrina Kobera
116,Hal MacAlroy
117,Heindrick Fardon
118,Maddy Cliburn
119,Conchita Durtnal
120,Ajay Ginty
121,Odie Orrice
122,Ebonee Kenninghan
123,Gretchen Pusey
124,Julissa Bickerdyke
125,Sheilakathryn Blenkensop
126,Panchito Sandbrook
127,Costanza Gallone
128,Kermie Suttie
129,Ruggiero Emblow
130,Faulkner Glackin
131,Riva Genicke
132,Eleanor Edgerley
133,Eba Rodolf
134,Darnell Barthorpe
135,Audra Bewick
136,Jilli Enderson
137,Kimberli Gager
138,Dorian Chauvey
139,Casar Looney
140,Evie Guisler
141,Bordy Doggerell
142,Jacquenetta Laterza
143,Loria Recher
144,Davina Dubois
145,Thatcher Faithfull
146,Caron Duffell
147,Allegra Cleyburn
148,Torr Baggallay
149,Killian Spelwood
150,Levey Hallin
151,Thayne McGrill
152,Myranda MacIntosh
153,Chev Ganley
154,Yoshiko Brendeke
155,Ethelind Tanswell
156,Lancelot Vollam
157,Mill Nuttey
158,Grantham Noen
159,Neysa Wootton
160,Celestia Dymott
161,Lelia Grey
162,Benedetto Stothert
163,Sheree Cholton
164,Wye Kierans
165,Coreen Hinkes
166,Innis Noon
167,Kaspar Lippitt
168,Pennie Longmaid
169,Axe Massy
170,Latrena Puddefoot
171,Nilson Nutbean
172,Kriste Guislin
173,Misti Zaple
174,Lawton Bohden
175,Sim Crossingham
176,Lewes Dani
177,Berrie Dible
178,Phylis Eldon
179,Byrann Gooderridge
180,Maudie Mapp
181,Emery Velareal
182,Joshuah Rikel
183,Dev Cossam
184,Bendix Labbey
185,Kelsey McDugal
186,Hewe Sidary
187,Sidoney Scantleberry
188,Tommi Brisard
189,Orran Roscamps
190,Karlik Earingey
191,Ekaterina Lightbourn
192,Alison Kinchin
193,Adella Alcide
194,Ange Delph
195,Alica Canet
196,Humfrid Taplin
197,Kimberlyn Alleyne
198,Gaile Casham
199,Lyndell Newsham
200,Veronike Twist
201,Zabrina Yakobovitz
202,Luce Iacovozzo
203,Ola Bailles
204,Baxter Britnell
205,Shena Greville
206,Allison Jowers
207,Jodie Swanborrow
208,Graham Grishukov
209,Bartolemo Scogings
210,Sergent Elintune
211,Gawen Elliker
212,Jada Tothacot
213,Teddy Ranklin
214,Claribel Cullinan
215,Ardisj Bassil
216,Deni Mithan
217,Crosby Crown
218,Fabio Beevis
219,Prent Whitcombe
220,Annabelle Buckenhill
221,Bradan Game
222,Sig Ailsbury
223,Renell Fitchet
224,Svend Mingotti
225,Seward Symper
226,Jaquith Chester
227,Shirleen McMurdo
228,Stephana Haresnape
229,Dyna Rzehor
230,Dian Crackett
231,Livia Burgh
232,Kennett Macourek
233,Martynne Lidster
234,Bella Bampton
235,Kristy Madle
236,Broderic Gridley
237,Fitz Zorzi
238,Terra Cluely
239,Octavius Struys
240,Andee Dahill
241,Henrietta Kristoffersen
242,Maighdiln Thinn
243,Hedi Jovicevic
244,Sidonnie O'Hannay
245,Ikey Hearty
246,Cozmo Pole
247,Kermie Vasyunkin
248,Isaak Shortell
249,Cornelius Binding
250,Jeffrey Pettisall
251,Clayborne Stones
252,Anabel Dominichetti
253,Adams Strippel
254,Latashia Jaycock
255,Pamelina Faro
256,Silvia Bernaert
257,Dieter Llewhellin
258,Thibaut Bannister
259,Janenna Stickler
260,Charlie Fernihough
261,Mercedes Webb-Bowen
262,Whitney Tessyman
263,Elfreda Laming
264,Dehlia Doward
265,Essa Dik
266,Dylan Ashpital
267,Gonzales McMonies
268,Albertine Greatrex
269,Marcellus Bowe
270,Brandais Murrey
271,Vernen Thorsen
272,Westley Randerson
273,Onofredo Ayerst
274,Morrie Espinha
275,Patience Elsmore
276,Kiley Mariet
277,Aurlie McRavey
278,Angelique Dowdle
279,Adella Wetherburn
280,Grantley Mussett
281,Darryl Murphy
282,Talia Goodspeed
283,Worthy Po
284,Christin Zimek
285,Silva Sexstone
286,Godiva Linstead
287,Nadiya Causer
288,Lorrie Rickell
289,Ivonne Pulbrook
290,Launce McGrirl
291,Minny Cannings
292,Bradly Brandes
293,Joni Kennelly
294,Minnaminnie Aymeric
295,Lauri Haggerstone
296,Nelie Jaqueme
297,Jerrylee Higgen
298,Clarke Jonuzi
299,Dina Bettis
300,Cele Danielski
301,Valentin Dennidge
302,Roderigo Riddeough
303,Caitlin Dunks
304,Reggie Boundley
305,Lurlene Late
306,Coreen Passion
307,Maressa Sowrey
308,Terry Friett
309,Rachelle Sones
310,Vinni Carlson
311,Nikita Jacson
312,Aubert Linning
313,Lara Welden
314,Annabela Vedntyev
315,Wolfgang Rofe
316,Hillary Jaquiss
317,Curtice Manicomb
318,Windham Weatherley
319,Patton Ropert
320,Margot Schimpke
321,Ancell Mully
322,Brock Grigorkin
323,Nancy Sinnatt
324,Lizette Craigmile
325,Noam Stetlye
326,Clem Quinnell
327,Brooks McCuish
328,Franz Heinecke
329,Myrlene Gauntley
330,Jeralee Andreas
331,Bendix Cecely
332,Ange Thaine
333,Adolphus Radki
334,Corbet Blackleech
335,Troy Carlo
336,Harmonie Alleway
337,Lillis Oldford
338,Dynah Ciardo
339,Aurelia Papachristophorou
340,Abbie Phippard
341,Eolande Jozaitis
342,Dina Charlot
343,Steven Kellert
344,Sabina Stockle
345,Brandie Wrigglesworth
346,Alix Handy
347,Rorie Whitewood
348,Damara Kubica
349,Dione Birdseye
350,Beulah Sollom
351,Miller Sherebrook
352,Cacilia Skurray
353,Virginia Garrattley
354,Luelle Francey
355,Korry Popov
356,Gussi Zannuto
357,Waylin Joddens
358,Bobina Winters
359,Thomas Hazeley
360,Brigit Calloway
361,Adi Corder
362,Janeen Chang
363,Moshe Eby
364,Napoleon Levet
365,Kim Ayerst
366,Glynis Gheorghie
367,Ruttger Taffs
368,Willis Baldelli
369,Murry Slocket
370,Gery Aleksandrev
371,Christoforo Leebetter
372,Kandace McCudden
373,Gabriel Febvre
374,Foss Spilling
375,Torrin Calterone
376,Latisha Farady
377,Reinald Grisley
378,Amii Beldam
379,Marijn Delnevo
380,Shena Meads
381,Caroljean Feveryear
382,Alayne Jennins
383,Perry McGloin
384,Tanya Markwell
385,Cass Riddler
386,Carlos Frear
387,Nester Kovelmann
388,Arabella Doylend
389,Gawain Duggan
390,Eddie Dallosso
391,Raynard Abbado
392,Libbie Growy
393,Anne-marie Thornham
394,Gertrude Peddel
395,Natal Hebbs
396,Shelby Strathern
397,Giffard Hubble
398,Albert Thomazin
399,Jasmina Noonan
400,Percy Lauridsen
401,Thorny Leonards
402,Andria Blagden
403,Marty Haslen
404,Lydia Izzard
405,Lyndsey Pimm
406,Conni Gommery
407,Jerald Livesley
408,Howie Northidge
409,Shirleen Gambell
410,Rockey Crampsey
411,Ax Crosfeld
412,Scottie Tapsfield
413,Jefferey Faltin
414,Carmine Ferguson
415,Almire Uden
416,Deva Studman
417,Beverly Corradini
418,Leelah Allum
419,Zed Becke
420,Cosme McCandless
421,Quentin Cramphorn
422,Georgiana Surmeir
423,Adan Meadley
424,Zoe Phil
425,Ailene Pund
426,Meriel Spowart
427,Agnesse Buzek
428,Wylie Plowright
429,Johnny Georgeon
430,Zach Hince
431,Blythe Pridden
432,Gleda Ellacombe
433,Nicola Soot
434,Austine Hardan
435,Pren Norrie
436,Sibilla Etchells
437,Joelie Flello
438,Jemimah Ottee
439,Leif Hallgath
440,Parsifal Rayment
441,Alf Mascall
442,Tyler Sandry
443,Dori Draude
444,Shannah Frostick
445,Muffin Rheubottom
446,Winnah Tollett
447,Nesta Pfeiffer
448,Verney Marques
449,Iorgo Dorning
450,Emmerich Mower
451,Delphinia Brown
452,Anton Nash
453,Bibbye Abyss
454,Katherine Philpott
455,Lauritz Lamball
456,Christiana Hounsom
457,Dieter Frarey
458,Kath Tomaselli
459,Ediva Hoonahan
460,Mariquilla Attwoul
461,Ralph Birtchnell
462,Cindi Philipsen
463,Sylvia Priest
464,Tiffanie Hlavecek
465,Lianna Gillbanks
466,Clemmie Creegan
467,Jeni Devonport
468,Michail Dotson
469,Thadeus Dobinson
470,Jodie Mathivet
471,Bertie Braikenridge
472,Faustine Cruickshanks
473,Tish Maton
474,Bartram Kingsnoad
475,Roarke Huot
476,Brennen Brayley
477,Rod Jakaway
478,Pietrek Alliband
479,Anjanette Korejs
480,Sophia Shortall
481,Gregorio Moro
482,Andi Meakin
483,Elga Turneux
484,Dorrie Ludlem
485,Valene Stringman
486,Lolly Hopkyns
487,Had De Micoli
488,Terrel Di Francecshi
489,Joni Garraway
490,Lew Hellings
491,Bennie Hewins
492,Phil Chapple
493,Regine Malyan
494,Melesa Cutill
495,Rebbecca Penhalurick
496,Birgit Brightman
497,Giovanni de Courcy
498,Tremayne Paprotny
499,Yancey Butterley
500,Kata Lackney
501,Elbertine Jakeman
502,Diane Canter
503,Darnall Wolstencroft
504,Hadleigh Maruszewski
505,Tersina Kester
506,Denney Chell
507,Consolata Mowbury
508,Elberta Town
509,Clair Daelman
510,Iago Dunderdale
511,Ivor Silverthorn
512,Tiffi Ambrogioli
513,Dorice Gladdin
514,Chaim Klaffs
515,Ameline Streak
516,Erl Grundwater
517,Olive Kynman
518,Frank Sicily
519,Kristy Gowdridge
520,Abbey Rosen
521,Sauncho Leavy
522,Adlai Ruperti
523,Hadrian Luddy
524,Almeria Timoney
525,Vick Stede
526,Clemente Harlett
527,Rollie Rosso
528,Allie Huggard
529,Benetta Harp
530,Dredi Pencott
531,Joannes Hardistry
532,Margit Mabbutt
533,Fabien Humphries
534,Solomon Halsworth
535,Boone Corbridge
536,Karly Dorrance
537,Elladine Pitrelli
538,Kimmy Meir
539,Darci Daout
540,Cristabel Labbez
541,Harriette Tabord
542,Viki Avann
543,Sindee Ciric
544,Durant Ferguson
545,Etheline Flintoffe
546,Shandie Squier
547,Sherry Rubke
548,Agnesse Lapwood
549,Nora Fernant
550,Eleanor Lintott
551,Theobald Hugueville
552,Cam Leven
553,Kaitlyn Braine
554,Genia De Rechter
555,Harmony MacCumeskey
556,Brigit Spong
557,Minette Hardes
558,Tersina McGowing
559,Marcello Blackstone
560,Edita Frew
561,Vicky Matheson
562,Kinsley Goning
563,Irwin Bisco
564,Sterling Pietasch
565,Joela Wemyss
566,Alix Boyet
567,Catrina Furlow
568,Zorana Argontt
569,Micky Salmen
570,Art Goncaves
571,Web Fitzhenry
572,Annalise Cuttell
573,Elysha Bending
574,Thorsten Riolfo
575,Dael de Pinna
576,Brander Ettridge
577,Albertine Borley
578,Rebeca Dougliss
579,Aryn Grout
580,Micky Orrey
581,Nathanial Nevitt
582,Nance Gretton
583,Oralle Catlow
584,Lucina Clendennen
585,Nerty Atton
586,Willy Maw
587,Moishe Taig
588,Elianora Jinkin
589,Esme Morcomb
590,Carlynn Hilldrop
591,Birch Costell
592,Abel Blint
593,Maisey Cawthorne
594,Torie Salzberg
595,Coral Cleghorn
596,Druci Eloy
597,Tanya Whitchurch
598,Twyla Weippert
599,Elvyn Disney
600,Collette Euston
601,Ugo O'Cannovane
602,Falkner Cowl
603,Rivkah McOrkil
604,Clair Brafield
605,Milissent Rojel
606,Philis Suggate
607,Betti Claige
608,Charity Brian
609,Logan Veillard
610,Jae Denne
611,Sisile Brosenius
612,Drucy Dudny
613,Melodie Driuzzi
614,Whitman Sarvar
615,Zaria Mouland
616,Dame Wakeman
617,Sela Povah
618,Prue Playfoot
619,Lynnelle Penrice
620,Diane-marie Sirey
621,Gweneth Emmanuel
622,Annnora Jowling
623,Correna Lesly
624,Felix Coldtart
625,Ric Grieg
626,Astrid Simkovitz
627,Bidget Pammenter
628,Bethina McMichan
629,Loren Heazel
630,Nonnah Ceney
631,Idalina Euels
632,Cole Ccomini
633,Rafaellle Caldecot
634,Kirby Slator
635,Brody Wernham
636,Demetris Pendell
637,Kerr Bernardet
638,Boony Giovanazzi
639,Carter Ellin
640,Goldy Fewster
641,Gare Roberto
642,Cally Handrahan
643,Josselyn Banbridge
644,Miller Grzesiewicz
645,Brod MacKessock
646,Shalom MacAindreis
647,Barret MacLardie
648,Reamonn O'Dreain
649,Rafaela Kebbell
650,Karalee Bushel
651,Gun Spivey
652,Tess Francesc
653,Michele Theis
654,Rebekah Grimsell
655,Timoteo Goldthorp
656,Wilek Sore
657,Jeremiah Iacavone
658,Dexter Lawleff
659,Bogey Cobb
660,Winfield Bigadike
661,Charmion Curtain
662,Evanne Pocke
663,Sheffie Manston
664,Olenolin Yushmanov
665,Ashla Izchaki
666,Barthel Dilgarno
667,Aloisia Donativo
668,Fidole Rosendahl
669,Lorie Matusson
670,Austin Vaughton
671,Dunstan Fielding
672,Geneva Degan
673,Lynette Hurburt
674,Rosa Joyce
675,Ivette Maro
676,Elicia Bumby
677,Beryl Birtley
678,Launce McCord
679,Linn Ughetti
680,Arnoldo Reddle
681,Paige MacMeeking
682,Phil Guiton
683,Gilli Creedland
684,Linn Lorentzen
685,Krissy Chatelain
686,Tonie Verrillo
687,Napoleon Medeway
688,Marney Rillett
689,Hagan Gowler
690,Aylmer McMeeking
691,Ronnie Sollime
692,Addy Tunbridge
693,Gayla Challis
694,Nessy Braganca
695,Cullan Edowes
696,Carter Hazart
697,Winifred Adaway
698,Lionello Myall
699,Oates Threadgall
700,Graehme Alentyev
701,Chad Apfel
702,Rickie Corstorphine
703,Donnajean Kauble
704,Joy Bollini
705,Zilvia Spreckley
706,Ruy Radin
707,Gary Cramb
708,Ernestine Sukbhans
709,Micheline Durtnel
710,Thorvald Fullbrook
711,Sapphire Sute
712,Richardo MacCaghan
713,Stephanus Layne
714,Timi Catenot
715,Andreas Lythgoe
716,Georges Peeters
717,Angeline Berkely
718,Guy Simukov
719,Augie Chartman
720,Dorette Wink
721,Ignatius Crewdson
722,Tansy Clilverd
723,Bren Kapelhof
724,Nicolea Ashbey
725,Roderigo Hartshorn
726,Corrinne Satcher
727,Vinson Loadwick
728,Henryetta Gobeau
729,Drusie Porteous
730,Missy Feavers
731,Samaria Tabbernor
732,Tracey Harbisher
733,Aloin Lamborn
734,Mae Roxbee
735,Frederigo Gook
736,Pavia Jobb
737,Silvio McCullouch
738,Clayborn Hassell
739,Odella Lismore
740,Hermia Parysiak
741,Lu Lamort
742,Jone Bunclark
743,Nesta Pyle
744,Clarine Mollitt
745,Georges Douglass
746,Ban Sapena
747,Olivette Pyle
748,Wiley Sparks
749,Darius McCurt
750,Vale Luter
751,Daren Bygrove
752,Abraham Feldbaum
753,Ambrosius Kubanek
754,Witty Gay
755,James Hardson
756,Vida Dowbiggin
757,Kayley Trickett
758,Kalie McIndoe
759,Sharai Rountree
760,Lillian Brydon
761,Caritta Scafe
762,Nana Ruddoch
763,Alica Covely
764,Gloriana Sleeny
765,Devonne Milbourne
766,Janot Witcherley
767,Alic Canfer
768,Alphonso Petche
769,Herminia Noad
770,Bryce Lyman
771,Robbert Georgescu
772,Mickie Ells
773,Nikki Mewitt
774,Myrna Gomer
775,Gaspar Thorpe
776,Hally Ogers
777,Adel Clemenson
778,Marchall Jakel
779,Kally Peasnone
780,Bryon Demead
781,Lorin Jezzard
782,Tull Geeraert
783,Gordie Conboy
784,Ray Chastenet
785,Myles Gumm
786,Boyd Paslow
787,Siobhan Osichev
788,Wolfgang Ferris
789,Ayn Smullen
790,Phillipp Leftridge
791,Glad Monckman
792,Laurie Latchford
793,Cammie Gentric
794,Gray Doubleday
795,Hyacinthie Minnock
796,Siegfried Gunney
797,Lothaire Bodd
798,Vernen Fost
799,Dinny Alten
800,Glenn Glasard
801,Carine Hawse
802,Reta Gorman
803,Shem Larrad
804,Jerrie Cockill
805,Joy Syfax
806,Georgie Dawdry
807,Dani Feechum
808,Krystle Chomicki
809,Guido Findon
810,Jarrod Yurikov
811,Tim Trengove
812,Jenni Glancy
813,Jimmy Peet
814,Vere Abels
815,Chariot Loyns
816,Marigold Sarjeant
817,Shellie Neil
818,Cordey Capstaff
819,Cherice Dmtrovic
820,Sollie Fawcett
821,Steffane Bownes
822,Iolanthe Mulvy
823,Bone Polon
824,Egon Walhedd
825,Karleen Dugall
826,Temp Winspare
827,Osbourn Penfold
828,Darice Savoury
829,Tracy Headech
830,Sly Westover
831,Eydie Starmore
832,Lilith Pellant
833,Codee Gildersleaves
834,Stephenie Fee
835,Randolph Tomini
836,Paulie Skeldinge
837,Goldina Hawford
838,Evie Wanden
839,Margette Boch
840,Hillie Satterfitt
841,Klarika Burdis
842,Drucy Bourcq
843,Wilt Lacotte
844,Harrie Perrie
845,Lynsey Alekseicik
846,Garry Bodega
847,Issie Cursey
848,Elianore Corben
849,Sergent Alldread
850,Briggs Nisard
851,Bendix Vanderson
852,Margareta Goodredge
853,Rodger Nockolds
854,Ashton Jozefowicz
855,Riccardo Toping
856,Daveen Gorwood
857,Lyda Antoshin
858,Mozelle Draude
859,Aura Matignon
860,Ginnie Cettell
861,Shanda Heiton
862,Rorie Drayn
863,Mathe Cray
864,Gherardo Heinritz
865,Shelley Nagle
866,Jacqui Chue
867,Eran Eyeington
868,Jeniece Blunsden
869,Seline Sebyer
870,Darrelle D'Aguanno
871,Julia Tomczykowski
872,Vilma Izakovitz
873,Robb Backson
874,Stacy Biddwell
875,Moyna Moulds
876,Tamra Woollam
877,Neala Sandiford
878,Crin Kupisz
879,Antin Bracci
880,Marie-ann Giacobini
881,Salmon Bamfield
882,Elias Shutle
883,Christi Bogue
884,Merci Dauney
885,Rand Mawson
886,Dallon Boundley
887,Eleonore Curtain
888,Alaine Schapero
889,Cindelyn Matchell
890,Juanita Harkness
891,Borden Trenam
892,Con Djekic
893,Jeanna Derisley
894,Adi McQuilty
895,Vittorio Blees
896,Mirabella Rudgley
897,Delphinia Axe
898,Tomi Gopsall
899,Davidson Perchard
900,Vevay Sansam
901,Mariya Baildon
902,Micaela Varian
903,Malissa Fanshaw
904,Georgiana Scroyton
905,Amie McRobb
906,Abbot Lilford
907,Dunc Evison
908,Bel Challis
909,Cosmo Armfirld
910,Rose Tookey
911,Cary Goullee
912,Yorker Robic
913,Stirling Mannock
914,Izzy Beattie
915,Brandea Ellerker
916,Bowie Grishaev
917,Reynolds Adlard
918,Rowney Thaim
919,Andras MacTeague
920,Northrup Burgan
921,Nettle Lantry
922,Lukas Addy
923,Trace Minchella
924,Lainey Nevitt
925,Wildon Cawsby
926,Husein Isgar
927,Wainwright Chettoe
928,Gavrielle Folbigg
929,Marnia Pirot
930,Patrizio Edgler
931,Olivia Persence
932,Drud Entwisle
933,Annecorinne Vice
934,Fanni Duham
935,Ive Broadberrie
936,Othelia Lampaert
937,Milissent McVitie
938,Lucie Killen
939,Nehemiah Hexham
940,Garnet Pancoast
941,Merell Jotcham
942,Timotheus Filoniere
943,Evangelin Peffer
944,Bernarr Melbourn
945,Dael Andor
946,Marcellus Wilkie
947,Zachery Heffy
948,Esma Souten
949,Karol Piddlesden
950,Alfi Stonnell
951,Drusy Brumpton
952,Ruth Gwyneth
953,Joella Boulds
954,Harlin Sibille
955,Floyd Dowsett
956,Irving Melbourne
957,Walt Metcalf
958,Bartel Longthorn
959,Lucian Sivior
960,Sada Guillot
961,Vivianne Dunnett
962,Veronike Cavilla
963,Derril Charteris
964,Roth Huffy
965,Rorke Franzelini
966,Wally Palluschek
967,Edvard Orleton
968,Ebeneser Barde
969,Kiley Cubbon
970,Rochette Bruno
971,Casandra MacGinney
972,Phyllis Oaten
973,Cthrine Jeaycock
974,Theodoric Pridie
975,Avery Corsham
976,Regan Duiged
977,Valentine Lawland
978,Emmalynn MacCathay
979,Alexandre Kahn
980,Jermaine Eliasson
981,Kippie Shawel
982,Lenard McFee
983,Sheelagh Pesak
984,Papagena Riddles
985,Ethelbert Carriage
986,Cullan Droogan
987,Teador Dent
988,Natalina Voase
989,Michael Konert
990,Yelena Tilbey
991,Trudey Pullan
992,Ange Shoebridge
993,Annabela Duckels
994,Briano Howman
995,Dale Ditts
996,Leontine Silliman
997,Kalle Peters
998,Gabriele Haye
999,Filmer Jouannisson
1000,Micah Minchindon
